date	published_at	cell_id	headline	text	source	url
2025-12-31	2025-12-31T08:00:00+00:00	54_56	【詳報】「胸の中に家族は常にいる」地震から2年の思い 能登の祈り [能登半島地震] - 朝日新聞		朝日新聞	https://news.google.com/rss/articles/CBMiZ0FVX3lxTE1mWl9vYlA5ZEJMUnRMaW9rcnpNQ0xUekU0Y2hoSVRTZWFwbmRlYk1HQUpFV0dJMF9kSTNOSVFhQWR0ZkVkQ09iWGZTd0JGTTB4VWZQTFFhR0V0NEI4OFVaZVRpMGhzNFU?oc=5
2026-01-29	2026-01-29T08:00:00+00:00	54_56	令和6年能登半島地震と被害の概要 - city.niigata.lg.jp		city.niigata.lg.jp	https://news.google.com/rss/articles/CBMihAFBVV95cUxNUG1pUkE4WWM4Ml9GS09MbC1ZVDgtOTdqNF9Ja3ZKLUp6V1ZJcWV0OE0tekV3LTFTYmt5b2lBOG9iRFVyOGlRb0M0bWNwNGk1cXR5R3YwdTJ2aTNQYXhuak96b1V1X00wSHZxQWFwelFDWW1rbHVjQnFXa25aR3VnRHhUNHA?oc=5
2026-01-31	2026-01-31T08:00:00+00:00	54_56	石川県能登地方でM4.4の地震 最大震度3 津波の心配なし - ウェザーニュース		ウェザーニュース	https://news.google.com/rss/articles/CBMiW0FVX3lxTE9SdXR1a2QyME5kRWpoa2xhbjlsUnBXSnVvb2twRlNJZXo1SGNpMWJDc0FfWUpVRElOeC1rZEx2d0pydGpacWRNMU1PSHUzTHhrajBPcVZCczFpUkE?oc=5
2026-02-05	2026-02-05T08:00:00+00:00	54_56	能登半島地震から2年復旧は一段落、地域の「にぎわい」回復が課題に – RENGO ONLINE - 連合（日本労働組合総連合会）		連合（日本労働組合総連合会）	https://news.google.com/rss/articles/CBMiakFVX3lxTE0tU2hITG5RQkNLb2pLUmpHb2VOdVNkaU1nWFdoRW0zenBwQTVhbUFUVklIeC1mUExTcm9Sb3NaYXhzSy0xaTRxUU95MmdkS254aHdrX1U3M1F3dkhjei1MdDlqQlVKbkVFQnc?oc=5
2026-02-09	2026-02-09T08:00:00+00:00	54_56	令和6年能登半島地震はどんなメカニズムで起きたのか？震源域で特徴的な動きをした「ある断層」に研究者が注目する理由 - jamstec.go.jp		jamstec.go.jp	https://news.google.com/rss/articles/CBMiaEFVX3lxTE4tU1pRRGo0VDgtU2xob1RpUDVua1ZrYmZaVFNjYkVWRmJJd0NodUhubGE5STh6c0d6VTBnaHRCOVJRMUFWNmV1allfUUdxN3p2LU1kdWp1UG81dlRnUGNJSlJmdFk4M3JQ?oc=5
2026-02-26	2026-02-26T07:52:33+00:00	54_56	令和６年能登半島地震 - 日本赤十字社		日本赤十字社	https://news.google.com/rss/articles/CBMidEFVX3lxTFA2Y01yNjVBTGZWZnpyb0tNLWpkOE9ZSXJOZ2hjSFlYdWQwc2o3UDl3YTgzOUl1QXFjZllGTTAwT2lwU0RPdnlyMjFMYlE4Ulh0TVV6ZEtYeGQ3emhSazdWcnpQbzNhNXVSTGFjVzl3X19lWlg4?oc=5
2026-03-02	2026-03-02T08:00:00+00:00	54_56	令和８年度「能登半島地震からの復興に向けた観光再生支援事業」の公募を開始します | 2026年 | 公募情報 | 観光庁 - mlit.go.jp		mlit.go.jp	https://news.google.com/rss/articles/CBMiXkFVX3lxTE1ZcGFOMnBlSjlqeGlIa3VhUVRFQzJSVjVoelFjUXZTMEZmaTZGazRBbFZEWk1qbXVGWUY0dzRTRzcxZGNXbDRNQkVzblpHbkRUcHNDUlluck4zekRENUE?oc=5
2026-03-05	2026-03-05T08:00:00+00:00	54_56	石川県能登地方でM3.3の地震 珠洲市で震度3 津波の心配なし - ウェザーニュース		ウェザーニュース	https://news.google.com/rss/articles/CBMiW0FVX3lxTE5LNV9zVnVfMGFtbFpsMDV4Vi1xVlhjLWZJQ0JiRGxmRVh2MkNVdGdKbmFJTmFxYVFzOXoydlZfbnNYNk5TWW53d1d1TTBEOHVoOXFDNmNhNHQxQ2s?oc=5
2026-03-10	2026-03-10T07:00:00+00:00	54_56	能登半島地震千葉市災害派遣記録誌 - 千葉市		千葉市	https://news.google.com/rss/articles/CBMikAFBVV95cUxOWjAwdUtYa3VPLWtBeG1VcTlNenhYa3pwb3llSzBmMWdxVmp2dVhfeDk5eTNHSk5oY01zZ19qYVA0R1p5eEJiTUFHTHd2NWhJVjJMejZUUlM2MmhSX2F0TXRjMU5hZHQyVWpaN1hrZXM4SnNKSjhhbmdFNVRfRG5lQVdKVGk2aTdXdWpwdi1HY0Q?oc=5
2026-04-03	2026-04-03T08:57:50+00:00	54_56	能登半島地震 - nhk.or.jp		nhk.or.jp	https://news.google.com/rss/articles/CBMibEFVX3lxTE92NE91RHU0Q3pGX3QzUnRpb1hZNE5kaXRSZ01rVzlzMjdWMEVMbEE4UHVpM2RZM01veUxxdjVwMTVNNEFGUE1aN0xVRzNSaGpEREdFYzhOOE8tdl9ieUt3M1pyTzd5eTF4dEhPRg?oc=5
2026-04-04	2026-04-04T07:00:00+00:00	54_56	石川県能登地方でM2.8の地震 志賀町で震度3 津波の心配なし - ウェザーニュース		ウェザーニュース	https://news.google.com/rss/articles/CBMiW0FVX3lxTFA5Q2hvdjhuSjNleUIxXzBoRGVkM19ET1M3R0xNOHNxcGFQQmpCcHpQejZKZTFyd05KRE9CcC1wbTkwcVNEN0ZjcXRNb2loczNmY0FraEpld1pBVDQ?oc=5
2026-04-28	2026-04-28T07:00:00+00:00	54_56	令和８年度「能登半島地震からの復興に向けた観光再生支援事業」の採択スケジュールについて | 2026年 | トピックス | 観光庁 - mlit.go.jp		mlit.go.jp	https://news.google.com/rss/articles/CBMiYEFVX3lxTFBhd3lqVjU1Z1hlRGc1TnQxeGRWOGJBZDNEYndCd3VPSEdWS2pYajJZUUdmSnNud0I2dmtwdm5YOVdRNkhKcm82ZE9hSWdiTTUtZzkzdkl4R1Y2TjBURy1MWQ?oc=5
2026-05-29	2026-05-29T07:00:00+00:00	54_56	令和８年度「能登半島地震からの復興に向けた観光再生支援事業」における採択結果 | 2026年 | 公募情報 | 観光庁 - mlit.go.jp		mlit.go.jp	https://news.google.com/rss/articles/CBMiXkFVX3lxTFBNZzFUX1ltTXlZSnBmemVHaEhoeU1KaUtlU2hvd1AwMEplMXpZZnVWN3YxdGlmNzRCU2ZEQWI5dHRCTVpsMzJ4Vkt0SWw1MTd5OEZDTUVqWm80eWtTZlE?oc=5
2026-06-04	2026-06-04T07:00:00+00:00	54_56	能登地震死者、計738人に 石川、関連死3人認定 - 47NEWS		47NEWS	https://news.google.com/rss/articles/CBMiS0FVX3lxTE9qamRxclpZMUczMldjb2M2Tkw0NjNCLVBOcVRnZWhfRTBFRUZPcFI2cFNYbG1tb3RJMU1FYjNySnduRmp3Rk1EOHJxYw?oc=5
2026-06-04	2026-06-04T07:00:00+00:00	54_56	能登地震死者、計738人に 石川、関連死3人認定（共同通信） - Yahoo!ニュース		Yahoo!ニュース	https://news.google.com/rss/articles/CBMif0FVX3lxTE1IanJwYjFmQjFvU1NDSmFBdnNhTGY5T1l4ZXBGWnhkNlVVQzBBSVV6aXpqdHFBdjZhc2h6XzFEcWJfejFSVXFFZG54MTA1dnk0UG5pbTVYM1QzeS00R3hmdUJrRWJvR3pBTjUxTG41TGRlbTNrd3BhOGh5SE1jZEU?oc=5
2026-06-19	2026-06-19T07:00:00+00:00	54_56	能登地震で直面した課題は、対策は 北陸電が経験共有へ特設サイト [石川県] [能登半島地震] - 朝日新聞		朝日新聞	https://news.google.com/rss/articles/CBMiZ0FVX3lxTE1yZ050NXUtbGtUTnRLc19ZZzk1VjRma09LaGZmRS1lM3N2OEhQcFNZcnoxQ1ZaajJwdUZYNXYzX2dfNmU2OENVV1ZybmJsX2UtamdGOW56U2l6TFZTZ1VkeURFNGdLclk?oc=5
2026-06-26	2026-06-26T20:00:00+00:00	54_56	災害公営住宅３０００戸整備へ 能登地震 なお１万５０００人仮設生活 入居まで数年 ついの住まい課題に 能登半島地震２年半 - 福井新聞社		福井新聞社	https://news.google.com/rss/articles/CBMiXkFVX3lxTFBfaG1DZEJTN2tYbGcxSzE4SjNGaDhnM3FWWGZYRnVMc3UweFdhY1owNVNEVE1WdmFOU2tNVG1RMVMtaFR4d0gwb2tzMk9jTXcxZ0pHVjBNN0RsRzVBaFE?oc=5
2026-06-27	2026-06-27T07:00:00+00:00	54_56	輪島朝市跡地で住宅再建へ 能登地震2年半で初 - 47NEWS		47NEWS	https://news.google.com/rss/articles/CBMiS0FVX3lxTFBDT21vaHVQd0g3MC0ycm0xREJzN2xoN3lkNUhvazNwVndJbGFmNEtQU3BscXc1ME0yaElBdjhvMVlFOXFlNUhhQllkaw?oc=5
2026-06-29	2026-06-29T07:00:00+00:00	54_56	能登地震の被災中学生をW杯に 支援続けるもう一人の「サムライ」 - 日本経済新聞		日本経済新聞	https://news.google.com/rss/articles/CBMibEFVX3lxTFA0VWRUS1Zfemdwb1F1LTJKNjNESlY2enBBTEwtNFJvWmVpdVc5cVNhWUkwQmYzXzd6ZkpUNjdtdHNrVF8tV250Z1c3QWJRRjVISDhVd0k2NzdIZmc4aVNldXZXWXNtQzc5NlE5Sw?oc=5
2026-06-29	2026-06-29T17:00:47+00:00	54_56	能登半島地震：能登、地震2年半 墓じまい急増 地域共同体、弱体化恐れ - 毎日新聞		毎日新聞	https://news.google.com/rss/articles/CBMiaEFVX3lxTE1TWk5RTFh2c1haYnpNUWVwaWZMS24yN3IyeGxTWHRUR2tjTGpVZE9ZRG5WbUtVM0dKdXMtdWhSbjhqcTRJTjhkb0tsOUhDWnZtRDZTLWtwMnBsMGVTNTVLaWFvb3ZySmY5?oc=5
2026-06-30	2026-06-30T07:00:00+00:00	54_56	能登地震関連死、石川で1人追加認定へ（共同通信） - Yahoo!ニュース		Yahoo!ニュース	https://news.google.com/rss/articles/CBMif0FVX3lxTE16R1R4YTZ6V1FaNFVCOW5ndllRX1dJR0VQUGd0Smh0UExsdERGNWlqdzVVaVNLbUtPNm84WlBlbjctTTAxcVplSVVwMmNOTjJ1MjBWeVlrcjBEY0hYVGh5cUdXNzA4aFVnZk5DbE9tOWJpMWs2LTUtekQ0ZjNwUlU?oc=5
2026-06-30	2026-06-30T07:00:00+00:00	54_56	【速報】能登地震関連死、石川で1人追加認定へ - 47NEWS		47NEWS	https://news.google.com/rss/articles/CBMiS0FVX3lxTE9kNGw1dUk0N0dFZVZvVlkwOFBsdkhIb1AwM1dsSHJmUTgxZ1diRjViSklLOFVQNUw3ejk3LTJMRTBYX3U5MmZ1dk9tYw?oc=5
2026-07-01	2026-07-01T07:00:00+00:00	54_56	能登地震の痕跡間近にドライブ 見えるのは「今しか見られない風景」 [石川県] [能登半島地震] - 朝日新聞		朝日新聞	https://news.google.com/rss/articles/CBMiZ0FVX3lxTE1NeTNzU21xRS1sYmVnQ0d2YTRFeFZOdlhmTENJLVJXVnQxdlE3Unh6MFIxUkYwd09LMTk1dF84UHdJNUJtU3N2bHFpVjFMVzZ2dVV2VUVCbzFsSGFKeHlwcTN6Z3huU3c?oc=5
2026-07-01	2026-07-01T07:00:00+00:00	54_56	（能登地震2年6ヵ月）和倉温泉に希望湧き出す - 公明党		公明党	https://news.google.com/rss/articles/CBMiVEFVX3lxTE55M3g0ZlZaVUJzWlZmY3BYNy1MWEhqSlUtNU15THFUdlBON21SZ29NUlc0WW53NmdNWHpmNmU4ZE5OZFFnbU0zWWZXbXhZZjAtclFuYw?oc=5
2026-07-01	2026-07-01T07:00:00+00:00	54_56	職員1190人のうち322人が全国から…能登地震被災４市町 全国99の自治体が派遣、復興に不可欠な存在に - 新潟日報		新潟日報	https://news.google.com/rss/articles/CBMiXkFVX3lxTE5HX2lVZ1B1U2dabjJjRkNLQnlXR2VibllDOHRIdkZ4UW1aZ0xRODNCN25EUVdmN2Z2RU1uOVpqYld4YVJORU8yZEZVelZjZXJ2bXZUU0dpc2lNa3hkYXc?oc=5
2026-07-01	2026-07-01T07:00:00+00:00	54_56	職員1190人のうち322人が全国から…能登地震被災４市町 全国99の自治体が派遣、復興に不可欠な存在に - 47NEWS		47NEWS	https://news.google.com/rss/articles/CBMiS0FVX3lxTE84WHhMNTU2cFlfRjZIV0JtdkNGd0dtUk1PdXJoSnFPdXc1a1kyUG12MnNCOHM1TmliWGxHR21rYzVRZjBJcHZPVlZFZw?oc=5
2026-07-01	2026-07-01T07:00:00+00:00	54_56	【能登地震２年半】業者余力なく、復興足踏み 地元限る入札、変更迫られ - 山陽新聞		山陽新聞	https://news.google.com/rss/articles/CBMiUkFVX3lxTE5qalhNNDNLQ3FMTnpTeDNPTzV6RlJrc3Z6SFljVThnSV9xQWhqZFlRQjh4Y192VHlxenZjSzBEc3U1N2txSFBocHpoQTdmaVZ2RUE?oc=5
2026-07-01	2026-07-01T07:00:00+00:00	54_56	【石川】能登地震２年半 住まい 迫られる決断 災害公営住宅 近づく申請期限 家再建 費用高騰が壁 - 中日新聞Web		中日新聞Web	https://news.google.com/rss/articles/CBMiVEFVX3lxTE9lRTQxcGVoUWJ0ZEJPVVdmZnZGaHR1NzN6cXMxSlRnbG5LTVhxS1hYUXJJZ1c4LWwxVmtSUWY4OFVVWVJBazM3a3ZvOFFpeHBJTzBKbQ?oc=5
2026-07-01	2026-07-01T20:00:00+00:00	54_56	能登地震２年半 復興長期化 職員負荷重く 人材確保へ試行錯誤 応援で「ノウハウ学ぶ」 - 福井新聞社		福井新聞社	https://news.google.com/rss/articles/CBMiXkFVX3lxTE4xa1FUSVlFT3dtZlVReklyalhPTGFQX2VtRlhjRHdtaGZOUWxaSE1LSXBrcVRTeHE4OE04Y2dLOVcwQkJ5VHFXbk1mb1RGZ25USGlmTklTMkdYaklZY1E?oc=5
2026-07-02	2026-07-02T01:27:57+00:00	54_56	【能登地震２年半】負荷重く、人材確保足かせ 災害対応「ノウハウ学ぶ」 | プライムニュース - 福井新聞社		福井新聞社	https://news.google.com/rss/articles/CBMiXkFVX3lxTE5IOVdEZDRjbjlmU0tlOTZLbjMxckh0TExNcEVTN3Z1RnBmOWs5aEM5RjlxdGpmS0Uwb0FudlFITXVGZl9KU1FuSW1pRkJDMVNSenhUcW83Rm9feUg2VFE?oc=5
2026-07-02	2026-07-02T01:27:57+00:00	54_56	【能登地震２年半】負荷重く、人材確保足かせ 災害対応「ノウハウ学ぶ」 - 新潟日報		新潟日報	https://news.google.com/rss/articles/CBMiXkFVX3lxTE43bmNITHBLWHVVc3ZULWxCX1RTRjFaNkdRZzJnRldBLXR6SXZBRFY4V1YxUmRyQU5uN3RsX0ZRZnFmRFNnZGlYSXNtTWZqWWxlaXhYWWRKel9VNjd6QkE?oc=5
2026-07-02	2026-07-02T07:00:00+00:00	54_56	能登地震：路線価、被災地は下落も率縮小 復興への期待反映か 「観光の魅力向上でさらに圧縮」 ／石川 - 毎日新聞		毎日新聞	https://news.google.com/rss/articles/CBMiaEFVX3lxTE5yRi0xeE5nR2N6d3FyVWpTTnRza1ZMbDVBMFllNTJ4MHNUWEE3UHlZclYxN1VINVo0OXJ3UmNSWnB3ZnNUU3pkUi1wWmJKVFZMbk96OTJ2NkxDSlh6TUVHbktOS3VtMFh3?oc=5
2026-07-03	2026-07-03T00:22:10+00:00	54_56	（能登地震2年6カ月）人の温もり心にしみる - 公明党		公明党	https://news.google.com/rss/articles/CBMiVEFVX3lxTFA1MlRDWnVxd0FEWW93MnI2WWdTSWZxOGJtV1dOVF9UMnQxUDhFMkVuREd4Y01RNGJRaDRVWUR2NFVJXzFVNG5NNWw5aS1EMV8yelBTRw?oc=5
2026-07-03	2026-07-03T07:00:00+00:00	54_56	能登地震：石川・輪島など4市町 3割全国から応援職員 ／石川 - 毎日新聞		毎日新聞	https://news.google.com/rss/articles/CBMiaEFVX3lxTE5tZk5hLTlBc0F2U1VON3J3eU5LXy1jTWpKY2lZOE8wZHpHMXN0ZHlDTXhjVDdlTDdINmlQOGZKeFh5c1UwcjNnS0p4Tzd4UlRZcWppd095M1Qyd3pnNjlTU0R2QzFadmdv?oc=5
2026-07-03	2026-07-03T07:00:00+00:00	54_56	石川・能登町で「あばれ祭」始まる 能登地震被災地に熱気 - 日本経済新聞		日本経済新聞	https://news.google.com/rss/articles/CBMibEFVX3lxTFBhNjNpcG9faklyLVlkSmtSWmQ5VlA5b1pjdzZFY0lkN19wVGJpVGRRcXVYVldZQjdYQWtFSDlkTkZpSWloY2Q3eUR6VTBPWHlYRU0xdXlhZWprektQRE1QMkEyT3E1RTJ4VVZjag?oc=5
2026-07-03	2026-07-03T07:00:00+00:00	54_56	能登地震で被災の黒部峡谷鉄道、全線再開へ（共同通信） - Yahoo!ニュース		Yahoo!ニュース	https://news.google.com/rss/articles/CBMif0FVX3lxTFBOcXdqX1F6enBJekNZdnFHcHo0Sm5uOHROei1BSXdQY2k1MTN2Uko2Uk0xUWFOYlJfMDUtS3ZSQy0ySWRvMmZBcS1jcWVoSTdadHJ5TThtWnhhZDNFOGdrMjVyNHlLdzhCWmRsNmZYamZlYjN5YkJ3OTJtY21fWTA?oc=5
2026-07-04	2026-07-04T07:00:00+00:00	54_56	能登地震被災者に安心を 移動販売通じ見守り活動（共同通信） - Yahoo!ニュース		Yahoo!ニュース	https://news.google.com/rss/articles/CBMif0FVX3lxTFB3UkxLNWZRWDQ3bUt2OTA2VTFFWEhmMlRfZElvNjRBUXhxZ2JZelExVzJJbjhJc24tQzlXc1JKYUQzSGM2UkR3THJjRWFmWHNTeWR3SzdWZnNyOWlMX1ZlSmZDOEQxUlZMTWFyVHJoeHZ5ZFhqVlBnaTVwZUtvZmc?oc=5
2026-07-04	2026-07-04T07:00:00+00:00	54_56	能登観光アプリ「めぐり」の開発～自分たちの強みで、相手が本当に求める支援をしたい - 東洋大学		東洋大学	https://news.google.com/rss/articles/CBMiUEFVX3lxTE9PZ1VkTk1PX19aOEZ0X1BoTDdON0VWdEdkc1VydERCYUR6UXhhS3AwQlJXQzVsNVZiUGpNSkE5UDVIYmdiVjI5eGMtSlptTXVN?oc=5
2026-07-07	2026-07-07T07:00:00+00:00	54_56	石川県の能登地震被災4市町、業務プロセス改革 全県展開の先例に - 日本経済新聞		日本経済新聞	https://news.google.com/rss/articles/CBMibEFVX3lxTE5uQ3dENXQxUXUyVHJRajg2ZlBCT0hUX0VXd1d1WjhJcVJYUjZJZk9MdGo5NWR3RHFESGVtRk12QkxOcHM2NEZhYzQ0M3NlQXhNaS1fZ0xZZmY2d3JZT1J1Uzg1WkEwNDgtUEhSNA?oc=5
2026-07-07	2026-07-07T20:00:41+00:00	54_56	能登地震：復興の兆し、放送中 石川・輪島の災害FM開局1年 楽しく情報届け、日常の一部に ／石川 - 毎日新聞		毎日新聞	https://news.google.com/rss/articles/CBMiaEFVX3lxTE83aG5lSXJyN3p0emFrRzNpZXdoTnQ5UDREVC12cXZVNnVqQUMwRllfajR3Q2FPamJlMm04RGprcjUtWm9SMlY4MHVjVjU5OGxCZDBvdlNoNVlueWwwdkhkQ19ub09IR3ZV?oc=5
2026-07-09	2026-07-09T20:00:52+00:00	54_56	能登地震：輪島塗、戻らぬ生産体制 地域外の製造困難 「産地全体で対策を」 ／石川 - 毎日新聞		毎日新聞	https://news.google.com/rss/articles/CBMiaEFVX3lxTE0xeHZVLWlOWjlXVVViUVFpQW82Q05lSXlPSW1tVHhwXzVLbUY5ekFmS1VRZDRMRExvRGN1X09UVTktXzVDRGJBb2pnQ1Q3V3BBSEVYNXRFUDRGbWxhc1dHaDExMWVjSWJY?oc=5
2026-07-11	2026-07-11T23:01:21+00:00	54_56	「次地震があったら潰れるだけ」土台と柱がずれたまま生活 “見えづらい”被災地・石川県七尾市のいま 「認知症やうつ病が進んできて…」新たな課題 能登半島地震から2年半（FNNプライムオンライン） - Yahoo!ニュース		Yahoo!ニュース	https://news.google.com/rss/articles/CBMif0FVX3lxTFBOc1lwNkVJcFNhVmJZbFM2RnhlelFaX19vYm1pcEFGR1BJdVIxWWFiN2ViYVJzTXMzeUowNHJHRVVEVnRKTG9HRjVFOXY5ZlFEU0lvNDlCMlNYVDlNTTYxcWZzYmlaNjZ4eFNqWjFoMEVva2pXRWkyZE5zQm5kU0k?oc=5
2026-07-11	2026-07-11T23:03:00+00:00	54_56	「次地震があったら潰れるだけ」土台と柱がずれたまま生活 “見えづらい”被災地・石川県七尾市のいま 「認知症やうつ病が進んできて…」新たな課題 能登半島地震から2年半 - au Webポータル		au Webポータル	https://news.google.com/rss/articles/CBMie0FVX3lxTE5YYm5IWE5VSzE5c1MyUjF5SUN0NC04MXc0Q1ZnRV84bEJ1X3FtZXFpTE0yb3VyMEFHNUF1NUhHZ1FHeF8zZXpzanF6VHJ2Nm1oY29LNVFqdWVjdUhna1dWbjFHVmJnTENsckJhWU51cURqcHVCdXYwclR3UQ?oc=5
2026-07-12	2026-07-12T09:25:01+00:00	54_56	情報が錯綜した能登半島地震の教訓 能登町が模擬記者会見を初実施し正確な情報伝達を検証（石川テレビ） - Yahoo!ニュース		Yahoo!ニュース	https://news.google.com/rss/articles/CBMif0FVX3lxTE9GdksyZXlWRTVQSkRpSXpIb2paZVhydFVPa09CMFZxQnJyeHZGeUhrV2dhcmNObFB1ZDhtTVJBVWdsS2JBTGFfU2tJODdTaWw0TURpR1A3cjdIRmF6ZWl0VDU1cjVlT25KRFNDN0FndlhFaVd2Zkt6Zjl1ak1sQUE?oc=5
2026-07-13	2026-07-13T05:46:00+00:00	25_44	石川県で最大震度1の地震 石川県・珠洲市 - TBS NEWS DIG		TBS NEWS DIG	https://news.google.com/rss/articles/CBMiZEFVX3lxTE1EdmZQcm1oSWdTYXMyVUR1VWZfQktfVW5Lam5PdXA0d19VZThVYUlCRkJSOWI5bEtnZDVxcWlGckt2MGRLM2VseG1jaHQ5cDZzZlVQaUlzSjgtY1pTWUctbkpzSS0?oc=5
2026-07-13	2026-07-13T05:47:18+00:00	25_44	石川県で最大震度1の地震 石川県・珠洲市（FNNプライムオンライン（フジテレビ系）） - Yahoo!ニュース		Yahoo!ニュース	https://news.google.com/rss/articles/CBMif0FVX3lxTE5NUkNDdndEb2RpcWFYOTdaaF9OSkl0dEJZNHAyVmc4LVNjbWJxalluZU5FNU1RSEpibjVsVkd6dzVzVEtkMlYzc1IzUkhUXzhpZUhhRldYSXl3OWxiWktJWnNJam9lUkZKTUx2bE44SkpPbzF3S2lIcjFDRVlrZ28?oc=5
2026-07-13	2026-07-13T07:11:01+00:00	25_44	石川の魅力を再発見 外国人観光客が金沢の暮らしや文化を体験するモニターツアー（テレビ金沢） - Yahoo!ニュース		Yahoo!ニュース	https://news.google.com/rss/articles/CBMif0FVX3lxTE16MHB6NDZUajZrdE5LU2xQR0l2elNoRUk5UVFfcWNzMkVNSmhjVnFCdkViWG9GdV9GNV9UajVPSHNyWGJlekVwZHJJOXoxVVZDQjRJbjZ4MGIxaTFEc2ZHcktPTUpXOUJGcFRQbjFWS2Qzall4dGlKb1RZZm16dE0?oc=5
2026-07-13	2026-07-13T20:01:31+00:00	54_56	能登地震：地域の防災力高めたい 輪島 全中学に自主防設置 全国で4例目 ／石川 - 毎日新聞		毎日新聞	https://news.google.com/rss/articles/CBMiaEFVX3lxTE1jM2s0WHNDVW1RUmpiUzFJeHlVSVNRYWVCWFJabDNLRnZaVU1qcUFNdnBsRHZDN0JIaGt3ZVk0aG5sOWx5cWxCajVUTUtuQTNxc2gxUEdiMWFxeUwtRlB1UGowdmhrUV9r?oc=5
2026-07-13	2026-07-13T22:00:00+00:00	54_56	「この風景を見たかった」能登半島地震で休業のオモウマい寿司店、2年半ぶりに営業再開 - マイナビニュース		マイナビニュース	https://news.google.com/rss/articles/CBMiXEFVX3lxTE1UWm1wM1J2X3pfUUNRV3oyVGJXemVxUVZKbWc2UjNBZ1JWcGhZNFRjVjFsMGVuRDRtUVAwR2h6b1JOSGxfRXg5cldydnFzdWlsUUFkQmhidFhzcEV0?oc=5
2026-07-13	2026-07-13T23:57:37+00:00	54_56	愛知に避難中の能登半島地震被災者が交流 「やわやわと慣れてきた」郷土の言葉で前を向く声も - 中日新聞Web		中日新聞Web	https://news.google.com/rss/articles/CBMiVEFVX3lxTFBIdExMR3h4dm5JS2xpQ3QydnhRaDVIUzVpT0Ffd0JXMnpMeE0ySHhqLWxDa2p6UUNiUllrazQxcEtzRUQyZFhab3JuWjRpSmIyREd4eg?oc=5
2026-07-14	2026-07-14T03:10:00+00:00	54_56	『オモウマい店』能登半島地震で休業→2年4ヶ月ぶりに営業再開へ 寿司店「津久司」最新映像を紹介（オリコン） - Yahoo!ニュース		Yahoo!ニュース	https://news.google.com/rss/articles/CBMif0FVX3lxTE9GSVlpa3A1Q1ozUlhOUkhfSGpncEpqY0lZbVFtTy1NaWkwYTE5V3pUeWJLa2E1TVU4S2V4N19YVnVpajdHeDhsSDlTTkFqaW4xSl9TQWJyblhXR3FsZ1NaWHd2N1dsOWJNdEM3TGdCS2c1RnZmc3JRZkJydlBWUFk?oc=5
2026-07-14	2026-07-14T05:57:38+00:00	54_56	NHK山内泉アナ：「能登半島地震」初動対応時は“極限状態”だった 「葛藤は今でも自分の中に」と振り返る - Mantan Web		Mantan Web	https://news.google.com/rss/articles/CBMia0FVX3lxTE1scVJnVVp4MUcwVnRudDdZdVJPR0VabGU4Nk90QTVraE1HWVcwREhPb0trOWg2dnlCLUxlZEN1RVFMVEtRZG9VbEZfN1JYbjk5MHZ5R1pIRDdVSVJaV1JsSUdhNHNwRkl3UjNN?oc=5
2026-07-14	2026-07-14T07:30:00+00:00	54_56	【地震から2年半】1万4800人が仮設住宅暮らし、落語で能登に笑顔と元気を届けたい…三味線奏者ら出張寄席 - 読売新聞		読売新聞	https://news.google.com/rss/articles/CBMickFVX3lxTE1pZGVvTHQxdHl3a1hzS3RpdUtBSVJzdk1ScUVRaHBjT2ZSS3V6LThZcTlxZ3dab3hPYjhlV0tVVjVsRHZhRDM4b2dNVDFuSms1Ti1lbnd1d1BiTlZtTjcxWHVjcV9aRXdDNnFRTThfa2Vkdw?oc=5
2026-07-14	2026-07-14T08:12:18+00:00	54_56	災害関連死新たに4人認定へ 能登半島地震死者は748人に（MRO北陸放送） - Yahoo!ニュース		Yahoo!ニュース	https://news.google.com/rss/articles/CBMif0FVX3lxTFBMLVN1ZnhUV1Mwa3Z6RHJVX3ZaaE92TWZxNk8wUmlXbFA1aFFQSFA5SDh2WkVUVHdZWURDRTFMQ0tMeVhFT1pycTJnWjdVdFZTT18xcXQtUFFoZUZMZ1RUMTZYZEd2U2w2aVdzY09McEYyc1ZTdUlXOE5sWThiaGM?oc=5
2026-07-14	2026-07-14T08:30:00+00:00	54_56	能登地震関連死、石川で4人追加認定へ - ｄメニューニュース		ｄメニューニュース	https://news.google.com/rss/articles/CBMiiwFBVV95cUxNZXFtV2wtOGViRkVtZFlOYzhFTjA4UFB1VVRDWEJ1OWs4bU5qS2xsZjJwaUc5TnAzMDNQNTZTOXB5Ukxkc2xuVVBJcjRYNV9Pd3p3QUkza3Nqdk8tUmg0b3JqTlBndEpLTnA3WnRtQmZ6c0xOTWhZYUdIMUpHOHJ1N3J3eFNUMUZNVTU40gGQAUFVX3lxTE1tUW51eWx6dTFwbGotanQ5b1JRRnIxYTFNU3pyZWlvMjdlZzB1XzAwcmxkbEJ3ekRnYzZGNXotOGRRSldraTZhQlgtS3lLVVdnUkFXMGxzTHY3cnl4TlB2R204XzZvRnMyUDJ0Szg0bGJPNERpQ0VBcjhkOVAxRm9LTnR3bGhITzM5LXotWjF2Tw?oc=5
2026-07-14	2026-07-14T08:30:22+00:00	54_56	【速報】能登地震関連死、石川で4人追加認定へ - 47NEWS		47NEWS	https://news.google.com/rss/articles/CBMiS0FVX3lxTFB1emw1X2JmRDJIZmJvakxsQ1ptallFaUNWOFhqTEdoOXpkTjNCekl3U084b0Fkc2VqVXNiRUY2MmlqMmxvVTkzV2VjWQ?oc=5
2026-07-14	2026-07-14T08:30:22+00:00	54_56	能登地震関連死、石川で４人追加認定へ - 京都新聞デジタル		京都新聞デジタル	https://news.google.com/rss/articles/CBMiWEFVX3lxTE1PREM1S1U5TllMV0hKd3Q2SnRoWlgwQVhMd2FJTUl6Nm02cHRPQ1d4RExwYUNsRUlzdDlzc3d3Q21XMVNkMS0yVHdBeG1EV2x1bmZMdWZCSGg?oc=5
2026-07-14	2026-07-14T08:31:06+00:00	54_56	能登地震関連死、石川で4人追加認定へ - nippon.com		nippon.com	https://news.google.com/rss/articles/CBMiY0FVX3lxTE8wOUtUZG5NWDAwUEhtcjRmOW1uX1dhNXY5UVh6UHZTQ3dIajFHNzNrakNfcTE0ODVpS21XV3NwUkhjXzQxUzQtdmxIeUdwcEtaeHo4UG5jcmtNa1dnR2hvb0JNaw?oc=5
2026-07-14	2026-07-14T09:03:41+00:00	54_56	能登半島地震で避難呼びかけ絶叫のＮＨＫ・山内泉アナ「極限状態で精いっぱいやった。葛藤は今でもあります」（スポーツ報知） - Yahoo!ニュース		Yahoo!ニュース	https://news.google.com/rss/articles/CBMif0FVX3lxTE9RSjZJekN1WGhvTjhJYnpOYlVLNFJKWVNoNTZGaFo3YldLUzNYNEYyU3ZtTW5fWXBHVWtrOGROM1Jic0huSHZWMGZGMlF4ZHFaaGRFckFSMGNreVNZcnBWRjhHVTkwT1EzNmppS3pmR2xuVnhlNVJhOTdLcjN0dlE?oc=5
2026-07-14	2026-07-14T09:09:24+00:00	54_56	能登地震死者748人に 石川で関連死4人認定へ - 産経ニュース		産経ニュース	https://news.google.com/rss/articles/CBMidkFVX3lxTE9DYzJHYlJxMFZoTU9QNGQ5bi11eFFlRldtWXQ5aGJ3N2Z3Rmh6VEFKblZGWFRVY3lXWTQ2V0dXT2RDUGZLN2JQRjQ5ZHIzLVJhZ0dMZjRxSEJsZDFuM0VpQld1SklqUld4LUZmYW1Dc0NVN0FZS0E?oc=5
2026-07-14	2026-07-14T09:31:11+00:00	54_56	能登地震で「絶叫」 NHKアナ回想 - Yahoo!ニュース		Yahoo!ニュース	https://news.google.com/rss/articles/CBMiUEFVX3lxTE5ETFl4VVMzemhueTZQOVJBR2tCWGotTmZFUDNwbTE0UkJ4MnpLczVxTUZfU0RTQkp4V0VGVUdIZ2s3Q1JDc2FMU0NVWFVoN0Zy?oc=5
2026-07-14	2026-07-14T12:43:54+00:00	54_56	能登半島地震 災害関連死4人答申 認定なら死者748人に - NHKニュース		NHKニュース	https://news.google.com/rss/articles/CBMiX0FVX3lxTE0zZWN1TnJsSlZGOUVBNTZnaGZ2Y3RWNzMxTVMtRWI2N1lwY1VWMHlrSzJiQ1duazV1XzRTVks0aVdyTXBEYjJrMDdKdXozZDdoZnFKMWpHWkhiX1F4c3E4?oc=5
2026-07-14	2026-07-14T22:00:00+00:00	54_56	10市町73集落に災害孤立の可能性 茨城県調査で判明 能登地震受け備え強化へ - 47NEWS		47NEWS	https://news.google.com/rss/articles/CBMiS0FVX3lxTFA5ZUVTN1QyVXR3MXlWRXp6TzZFbmRaRUlyelNhYWZYVW9XSEE5M1p4RzlUWF9PUUcwOGxHZUx4aTNXc0cyLU5KUFd5NA?oc=5
2026-07-14	2026-07-14T22:00:00+00:00	54_56	10市町73集落に災害孤立の可能性 茨城県調査で判明 能登地震受け備え強化へ（茨城新聞クロスアイ） - Yahoo!ニュース		Yahoo!ニュース	https://news.google.com/rss/articles/CBMif0FVX3lxTE96MGI3VVBxMlBxMDFJdTNoVkdvekI0SmxFaThSdXdIUU51NHZMMl9TQnpwd19ickdtU09vdGNQbHhITVJRM1YtaVVxc2hVdXI5d1BxZGs1RFJGYVBZYTRURnFZZ09Gd3JOT3MxSHZOQUtFWW5GMVUwbDE0WlpneVk?oc=5
2026-07-15	2026-07-15T10:35:03+00:00	25_44	石川・小松駅前にドーミーイン開業 ビジネスと観光両面取り込み - 日本経済新聞		日本経済新聞	https://news.google.com/rss/articles/CBMibEFVX3lxTE0wZ1hza3g4SkFmTjNEcENENEY2TV9hNmFYZi1MblhPRzJXdUxjVHhYRjVjMnhBZ3JHSmpkc19wTEdqT3U3V3pfZUNWWGRkLUhJSy12NXg4OGFUUkREUWFHV3FmbHJucl9tVHIyTQ?oc=5
2026-07-15	2026-07-15T16:26:00+00:00	25_44	石川県で最大震度2の地震 石川県・白山市 - TBS NEWS DIG		TBS NEWS DIG	https://news.google.com/rss/articles/CBMiV0FVX3lxTE16R0ZrVmowVXNGRWFxSktTOFl2ci1CSU1JQmNUSGg0RDI0YjhHX2pSQmJsQVZpY1RCSFl1akttNjhHZHc0ZmxBQjdua0Q2TUp2dXZSUnU5aw?oc=5
2026-07-15	2026-07-15T16:26:00+00:00	25_44	石川県で最大震度2の地震 石川県・白山市 - FNNプライムオンライン		FNNプライムオンライン	https://news.google.com/rss/articles/CBMiTkFVX3lxTE1Pb184bS1NN1FCMGRydkxaVGFfTjlXZkg5eHI5T042MXJPUFdmNGdPRnNnZGRiRnhfYjQyanRGRjl4TGktTFNBWTNxSFNiUQ?oc=5
2026-07-15	2026-07-15T16:38:31+00:00	25_44	石川県で最大震度2の地震 石川県・白山市 - au Webポータル		au Webポータル	https://news.google.com/rss/articles/CBMie0FVX3lxTFBvTFBBRTU0aVNnNGZweEhTNWxzWG4zQXB2QkFyVG9oX0NwZW9taEhqRS1XazQwNFpicl9Ic1d2RXF2OTROemZUN1B6NEE0VWZ5enJVYWFELWVONERnS0FpNFlNazlzU05QNWhvR3RTT2YxdWJaUG9SOUdLVQ?oc=5
2026-07-15	2026-07-15T02:45:00+00:00	54_56	能登半島地震で休業していた“仲良し親子寿司”の再開に密着 オープンの瞬間に息子・葵くんが「生まれて初めて見た」ものとは？『オモウマい店』 - entax（エンタックス）		entax（エンタックス）	https://news.google.com/rss/articles/CBMiWEFVX3lxTE5QUWtHMlhVdC1vOVJTNmJwYVgzMnhRRUdEMWlKYTYyak1TMHVXR1MzOUxSeUU5aVBjdXRJcmhSSU5ZcmUyUmkyajZUMVFKejBYcURMZ3VyMlY?oc=5
2026-07-15	2026-07-15T08:23:29+00:00	54_56	能登で移動店舗の実証実験 (時事通信) - Yahoo!ニュース		Yahoo!ニュース	https://news.google.com/rss/articles/CBMijgFBVV95cUxNRFpyZE50clIzd1BtcWxCOVZNeHZkdFRxak5zSWhIczZVakNhYXlDX2sxRDBNaVduZ0VBYWRpS2o2ZmVUU3NRYTZWR2ZsNFJiUkVyS2JKbFpEcnd4Vl8zS0swVDFidnJSQzJucDY5OFl4MzBxeDJfclBmWDZKVmZOVi1QSEVSTUVaNGZacHZn?oc=5
2026-07-15	2026-07-15T09:00:00+00:00	54_56	「若い人は奥能登に住むな」と言っているのに等しい 能登地震後に消えた産科、新病院に産める場所は？ - FNNプライムオンライン		FNNプライムオンライン	https://news.google.com/rss/articles/CBMiTkFVX3lxTFBJdWc5LUJieENlR1VmLTJ1S0RKZmJXRzA1Unk4V3FOak9HZWJnWHhYRmpISlQxZFgyU2wxR1FoWXdOeWtpeTRCTU5icl94Zw?oc=5
2026-07-15	2026-07-15T09:31:00+00:00	54_56	窃盗認知、地震前の3倍超　奥能登4市町、26年上半期 - ｄメニューニュース		ｄメニューニュース	https://news.google.com/rss/articles/CBMiiwFBVV95cUxNdjh1aEVsS1k1RHRrTG8yb3ZfdVNDTXY2al84clhhT2tMWm84anFhXzJrMjdUd2k4LXV2OWdjR0hoZ2t1RS1tVVZPalF6RUg0RUx1TDZCV20tSllvUW1mME50ai02SlBpd2d2b0FOcm1RUlJ4ZFoxbXdpaURKLWlNUm9uRXgwQWx3dk930gGQAUFVX3lxTE5hOWtMR3NJRDdyTjR6ZUN2eGJ2XzVyNzgtZnJPT3lWSTdyb0tweFhucGg2Y0FtOVluZS1Fc3hhaUtibkppa01LQjJQaHhRU2ZpWjEtVk5CT2ZKRjktQUhjVjJfZzUtNkNCT1daME1oQ2E5Mlpha3JmZWVoN291cDBoQm83bDlJNDE0cjlVRy1IZw?oc=5
2026-07-15	2026-07-15T09:31:54+00:00	54_56	窃盗認知、地震前の３倍超 奥能登４市町、２６年上半期 - nnn.co.jp		nnn.co.jp	https://news.google.com/rss/articles/CBMiUEFVX3lxTE9ITUF3eXAwaVBkajRQRTBpc0Y0Mk43M1l2QTBDTUJYb0ZPcUhNNG5yMnJKMHRqUjdta3RpT3RmRXJaenE5cllPN25FWWhEa0po?oc=5
2026-07-15	2026-07-15T09:32:00+00:00	54_56	窃盗認知、地震前の3倍超 奥能登4市町、26年上半期 - Excite エキサイト		Excite エキサイト	https://news.google.com/rss/articles/CBMicEFVX3lxTE5zdEQ4YjVqU2hwRkYyZ2VRWlRsVlBMd3UyTGp3dEJtdG5YUjJSanpYZzFuQ1MybE16NGtjdHJ6QUJRRW9LdG50UGQxVFRWRWp1d2F6aVdiUnNKblRtYjZnTlZ1UlU0R2J1RThiV2dnaGE?oc=5
2026-07-15	2026-07-15T09:32:33+00:00	54_56	窃盗認知、地震前の3倍超 奥能登4市町、26年上半期 - nippon.com		nippon.com	https://news.google.com/rss/articles/CBMiY0FVX3lxTE85a1lQV1lPZmZPV3ZDejRBU01NSElNczFvdGdjRWdRYUctN2RfTU10MlhmSnU5dlV2c2VsdGhXNTVwRWdmYV9KeHZfeVVLRnhCRkx3TF9Pd284MFZBSEJ6QXBDOA?oc=5
2026-07-15	2026-07-15T10:25:03+00:00	54_56	窃盗犯認知136件、地震前は37件も…奥能登4市町 空き家での被害多発 今年上半期 - 産経ニュース		産経ニュース	https://news.google.com/rss/articles/CBMidkFVX3lxTFBXb3VUeHc5bTNENlZMMXhJOU4tdXpLZDhxSGdQdzdhMi1nLTlUZHZRSS0tcEpOYVRVbE9wSW5yLXI1V1ltLXo3UDZ4dTJ1YXlQMlAwTlhKWXl3MGtSMmw5Z3hGaWZvbUJtdG5RTE9rTXhPSFBSWkE?oc=5
2026-07-15	2026-07-15T12:27:01+00:00	54_56	「大阪の子供たちを能登へ」能登半島地震の被災地復興に向けて大阪市長と七尾市長が対談 和倉温泉も大きな被害 交流事業やインフラ整備で連携めざす（関西テレビ） - Yahoo!ニュース		Yahoo!ニュース	https://news.google.com/rss/articles/CBMif0FVX3lxTE40UnpfQ21XTHVVRktoUUdGZ2tDV0ZFVHNKWnpVR1pFRWswYVkzemJMZzhVOC1YS3pUUHNqSzNPNElEOVZURllSeVFoWkNSVWV1bXBGRGhjOE5WTDFUc2QzVnJWU3BlWkM2d1V0bkJoRmhGZVRjVk5ZbEJoeXdha00?oc=5
2026-07-15	2026-07-15T12:33:00+00:00	54_56	「大阪の子供たちを能登へ」能登半島地震の被災地復興に向けて大阪市長と七尾市長が対談 和倉温泉も大きな被害 交流事業やインフラ整備で連携めざす - au Webポータル		au Webポータル	https://news.google.com/rss/articles/CBMie0FVX3lxTE4wSkRyM2drRGllWEJleURuR2JCd1hEeGFPaFFOa05FZzlXMF9oMW9MamhXTTU0WUpaVTJ0YXkyZlZwcUtpblkwMFVuZU8zUE9veVZxTkhNUHloMG1xSFNCM0lwbmtYYkgxNmhTbEJaTTRlbVR6MTZrVndicw?oc=5
2026-07-15	2026-07-15T20:00:00+00:00	54_56	窃盗 地震前の３倍超 被災の奥能登４市町 - 福井新聞社		福井新聞社	https://news.google.com/rss/articles/CBMiXkFVX3lxTFBRUDVHWkxHTS1hUkhldEdJTjJMUG5JbzdKVjMyUVdPZVQ3dFpRX2ZsTTJ5Q1J3cml2Vm5HVlBnSHJTNE5JeG9felBOQ3JzNGNvaVhDelNpaE9lYnpqd1E?oc=5
2026-07-15	2026-07-15T20:00:00+00:00	54_56	奥能登窃盗、地震前の3.7倍 上半期136件、空き家は前年の倍｜社会｜石川のニュース - 北國新聞		北國新聞	https://news.google.com/rss/articles/CBMiV0FVX3lxTE5QS3NuOGt3SndOZkJrWFF0dVU1bWdmRTBtWU1Db1Z0WFBfQ3k1QnNpZ3M3cVFzOHB3MTNzNWJxX3MyMkpBanprQW5lS0dERHBieW9XNjd2dw?oc=5
